city,city_ascii,state_id,state_name,county_fips,county_name,lat,lng,population,population_proper,density,source,incorporated,timezone,zips,id
Birmingham,Birmingham,AL,Alabama,1073,Jefferson,33.5276,-86.7986,749299,212157,560,polygon,TRUE,America/Chicago,35218 35214 35215 35217 35210 35211 35212 35213 35242 35224 35221 35222 35228 35203 35207 35206 35205 35204 35209 35208 35243 35254 35068 35061 35234 35235 35233 35142 35201 35202 35219 35220 35231 35232 35236 35237 35238 35246 35249 35253 35255 35259 35260 35261 35266 35270 35282 35283 35285 35287 35288 35290 35291 35292 35293 35294 35295 35296 35297 35298,1840006507
Mobile,Mobile,AL,Alabama,1097,Mobile,30.6782,-88.1161,322496,192904,535,polygon,TRUE,America/Chicago,36606 36607 36604 36605 36602 36603 36608 36609 36688 36582 36615 36617 36611 36610 36619 36618 36695 36693 36571 36601 36628 36633 36640 36641 36644 36652 36660 36663 36670 36671 36675 36685 36689 36691,1840006009
Huntsville,Huntsville,AL,Alabama,1089,Madison,34.699,-86.6412,307319,193079,349,polygon,TRUE,America/Chicago,35801 35803 35802 35805 35806 35741 35824 35763 35757 35756 35810 35811 35816 35896 35767 35804 35807 35809 35812 35813 35814 35815 35893 35894 35895 35897 35898 35899,1840005061
Montgomery,Montgomery,AL,Alabama,1101,Montgomery,32.347,-86.2663,256554,200022,483,polygon,TRUE,America/Chicago,36064 36112 36113 36110 36111 36116 36115 36117 36109 36105 36104 36106 36108 36107 36101 36102 36103 36114 36118 36119 36120 36121 36123 36124 36125 36130 36131 36132 36135 36140 36141 36142 36177 36191,1840008353
Tuscaloosa,Tuscaloosa,AL,Alabama,1125,Tuscaloosa,33.2349,-87.5268,153060,99543,623,polygon,TRUE,America/Chicago,35475 35476 35405 35404 35406 35401 35402 35403 35407 35486 35487,1840005563
Anchorage,Anchorage,AK,Alaska,2020,Anchorage,61.1508,-149.1091,256724,298192,67,polygon,TRUE,America/Anchorage,99518 99515 99517 99516 99513 99540 99567 99587 99508 99506 99507 99504 99505 99502 99503 99501 99577 99509 99511 99514 99520 99521 99522 99523 99524 99529 99530 99599,1840023385
Fairbanks,Fairbanks,AK,Alaska,2090,Fairbanks North Star,64.8353,-147.6533,66996,32751,398,polygon,TRUE,America/Anchorage,99701 99703 99707 99711,1840023463
Juneau,Juneau,AK,Alaska,2110,Juneau,58.4566,-134.1776,25473,32468,4,polygon,TRUE,America/Juneau,99824 99801 99802 99803 99811 99812 99821,1840023306
Ketchikan,Ketchikan,AK,Alaska,2130,Ketchikan Gateway,55.3567,-131.6712,10554,8208,728,polygon,TRUE,America/Sitka,99901,1840023270
Wasilla,Wasilla,AK,Alaska,2170,Matanuska-Susitna,61.5769,-149.4668,9748,9748,301,polygon,TRUE,America/Anchorage,99654 99629,1840023371
Phoenix,Phoenix,AZ,Arizona,4013,Maricopa,33.5722,-112.0891,4054083,1615017,1204,polygon,TRUE,America/Phoenix,85008 85009 85003 85006 85007 85004 85083 85086 85087 85085 85383 85304 85306 85308 85020 85021 85022 85023 85024 85027 85028 85029 85353 85013 85015 85014 85254 85044 85045 85042 85043 85040 85041 85048 85054 85037 85035 85034 85033 85032 85031 85019 85018 85012 85017 85016 85307 85310 85051 85050 85053 85001 85002 85005 85010 85011 85025 85026 85030 85036 85038 85046 85060 85061 85062 85063 85064 85065 85066 85067 85068 85069 85070 85071 85072 85073 85074 85075 85076 85078 85079 85080 85082 85098,1840020568
Tucson,Tucson,AZ,Arizona,4019,Pima,32.1558,-110.8777,860333,530706,887,polygon,TRUE,America/Phoenix,85705 85707 85706 85756 85723 85726 85724 85701 85708 85748 85745 85747 85716 85714 85715 85712 85713 85710 85711 85719 85730 85702 85703 85709 85717 85720 85721 85722 85725 85731 85732 85738 85751 85754 85775,1840022101
Mesa,Mesa,AZ,Arizona,4013,Maricopa,33.4016,-111.718,484587,484587,1357,polygon,TRUE,America/Phoenix,85208 85209 85201 85202 85203 85204 85205 85206 85207 85215 85213 85212 85210 85211 85214 85216 85274 85275 85277,1840020566
Chandler,Chandler,AZ,Arizona,4013,Maricopa,33.2828,-111.8517,247477,247477,1474,polygon,TRUE,America/Phoenix,85248 85249 85226 85224 85225 85286 85246,1840019309
Scottsdale,Scottsdale,AZ,Arizona,4013,Maricopa,33.6872,-111.865,246645,246645,517,polygon,TRUE,America/Phoenix,85259 85258 85251 85250 85257 85255 85254 85266 85262 85260 85252 85261 85267 85271,1840021940
Little Rock,Little Rock,AR,Arkansas,5119,Pulaski,34.7255,-92.3584,442554,198541,645,polygon,TRUE,America/Chicago,72211 72210 72212 72223 72209 72202 72201 72206 72207 72204 72205 72103 72227 72203 72214 72215 72216 72217 72219 72221 72222 72225 72231 72255 72260 72295,1840015509
Fayetteville,Fayetteville,AR,Arkansas,5143,Washington,36.0713,-94.166,336152,83826,599,polygon,TRUE,America/Chicago,72704 72703 72701 72702,1840013368
Fort Smith,Fort Smith,AR,Arkansas,5131,Sebastian,35.3494,-94.3695,125699,88133,538,polygon,TRUE,America/Chicago,72901 72903 72904 72908 72923 72916 72902 72905 72906 72913 72914 72917 72918 72919,1840013456
Springdale,Springdale,AR,Arkansas,5143,Washington,36.1897,-94.1574,78557,78557,652,polygon,TRUE,America/Chicago,72764 72762 72765 72766,1840015336
Jonesboro,Jonesboro,AR,Arkansas,5031,Craighead,35.8211,-90.6793,72838,74889,359,polygon,TRUE,America/Chicago,72467 72401 72404 72402 72403,1840014507
Los Angeles,Los Angeles,CA,California,6037,Los Angeles,34.114,-118.4068,12740381,3976322,3275,polygon,TRUE,America/Los_Angeles,90291 90293 90292 90029 91316 91311 90035 90008 90004 90005 90006 90007 90001 90002 90003 90710 90089 91306 91307 91344 91345 91340 91342 91343 90034 90037 90036 90031 90033 90039 90038 90247 90248 91411 91436 91371 91608 91605 91604 91607 91606 91601 91602 90402 90068 90062 90063 90061 90066 90067 90064 90065 91326 91324 91325 90013 90012 90011 90017 90016 90015 90014 90028 90090 90095 90094 91042 91040 90069 91352 91356 91402 90041 90042 90043 90044 90045 90046 90047 90048 90049 90019 90018 90010 91423 90210 91303 91304 90079 90071 90077 90059 91331 91330 91335 90026 90027 90024 90025 90023 90020 90021 90272 90732 90731 90230 91406 91405 91403 91401 91367 91364 90032 90057 90058 90744 90501 90502 90009 90030 90050 90051 90053 90054 90055 90070 90072 90074 90075 90076 90078 90080 90081 90082 90083 90084 90086 90087 90088 90093 90099 90189 90213 90294 90296 90733 90734 90748 91041 91043 91305 91308 91309 91313 91327 91328 91329 91333 91334 91337 91346 91353 91357 91365 91392 91393 91394 91395 91396 91404 91407 91408 91409 91410 91412 91413 91416 91426 91470 91482 91495 91496 91499 91603 91609 91610 91611 91612 91614 91615 91616 91617 91618,1840020491
San Francisco,San Francisco,CA,California,6075,San Francisco,37.7561,-122.4429,3548847,870887,7170,polygon,TRUE,America/Los_Angeles,94130 94131 94132 94133 94134 94108 94103 94102 94105 94104 94158 94124 94123 94122 94121 94129 94110 94118 94112 94116 94117 94114 94115 94111 94109 94107 94127 94119 94120 94125 94126 94137 94139 94140 94141 94142 94143 94144 94145 94146 94147 94151 94159 94160 94161 94163 94164 94172 94177 94188,1840021543
San Diego,San Diego,CA,California,6073,San Diego,32.8312,-117.1225,3181172,1406630,1670,polygon,TRUE,America/Los_Angeles,92109 92108 92106 92103 92111 92117 92154 92140 92107 92105 92104 92102 92071 92132 92130 92131 92134 92139 92025 92027 92147 92145 92014 92119 92110 92121 92120 92123 92122 92124 92127 92126 92129 92128 92101 92037 92173 92113 92114 92115 92116 92038 92039 92072 92092 92093 92112 92137 92138 92142 92143 92149 92150 92152 92153 92158 92159 92160 92161 92163 92165 92166 92167 92168 92169 92170 92171 92172 92174 92175 92176 92177 92179 92182 92186 92187 92190 92191 92192 92193 92195 92196 92197 92198 92199,1840021990
Riverside,Riverside,CA,California,6065,Riverside,33.9382,-117.3949,2065627,324722,1544,polygon,TRUE,America/Los_Angeles,92508 92503 92501 92505 92504 92507 92506 92502 92513 92514 92516 92517 92521 92522,1840020551
Sacramento,Sacramento,CA,California,6067,Sacramento,38.5666,-121.4683,1830061,495234,1952,polygon,TRUE,America/Los_Angeles,95821 95823 95838 95832 95833 95831 95834 95835 95811 95814 95815 95816 95818 95819 95828 95820 95822 95825 95824 95826 95817 94203 94204 94205 94207 94208 94209 94211 94229 94230 94232 94234 94235 94236 94237 94239 94240 94244 94245 94247 94248 94249 94250 94252 94254 94256 94257 94258 94259 94261 94262 94263 94267 94268 94269 94271 94273 94274 94277 94278 94279 94280 94282 94283 94284 94285 94286 94287 94288 94289 94290 94291 94293 94294 94295 94296 94297 94298 94299 95812 95813 95840 95851 95852 95853 95867 95894,1840021491
Denver,Denver,CO,Colorado,8031,Denver,39.7621,-104.8759,2741534,693060,1745,polygon,TRUE,America/Denver,80264 80218 80230 80231 80236 80237 80235 80238 80239 80123 80249 80247 80246 80290 80293 80294 80219 80210 80211 80212 80216 80221 80220 80223 80222 80224 80227 80209 80207 80206 80205 80204 80202 80014 80203 80201 80208 80217 80225 80243 80244 80248 80250 80251 80252 80256 80257 80259 80261 80262 80263 80265 80266 80271 80273 80274 80281 80291 80299,1840018789
Colorado Springs,Colorado Springs,CO,Colorado,8041,El Paso,38.8673,-104.7605,624789,465101,919,polygon,TRUE,America/Denver,80951 80909 80904 80905 80906 80907 80903 80939 80938 80910 80917 80916 80915 80914 80919 80918 80927 80924 80925 80922 80923 80920 80921 80929 80901 80912 80931 80932 80933 80934 80935 80936 80937 80941 80942 80944 80946 80947 80949 80950 80960 80962 80970 80977 80995 80997,1840018825
Aurora,Aurora,CO,Colorado,8001,Adams,39.7085,-104.7274,361710,361710,909,polygon,TRUE,America/Denver,80247 80045 80137 80018 80019 80016 80017 80014 80015 80012 80013 80010 80011 80040 80041 80042 80044 80046 80047,1840018794
Fort Collins,Fort Collins,CO,Colorado,8069,Larimer,40.5487,-105.0656,301581,164207,1154,polygon,TRUE,America/Denver,80521 80528 80526 80524 80525 80522 80523 80527 80553,1840020151
Lakewood,Lakewood,CO,Colorado,8059,Jefferson,39.6977,-105.117,154393,154393,1390,polygon,TRUE,America/Denver,80465 80232 80235 80214 80215 80227 80226 80228,1840020198
Bridgeport,Bridgeport,CT,Connecticut,9001,Fairfield,41.1909,-73.1958,934289,145936,3508,polygon,TRUE,America/New_York,06605 06604 06607 06606 06608 06610 06601 06602 06673 06699,1840004836
Hartford,Hartford,CT,Connecticut,9003,Hartford,41.7661,-72.6834,913587,123243,2737,polygon,TRUE,America/New_York,06106 06105 06103 06120 06112 06160 06114 06101 06102 06104 06115 06123 06126 06132 06134 06140 06141 06142 06143 06144 06145 06146 06147 06150 06151 06152 06153 06154 06155 06156 06161 06167 06176 06180 06183 06199,1840004773
New Haven,New Haven,CT,Connecticut,9009,New Haven,41.3112,-72.9245,563460,129934,2684,polygon,TRUE,America/New_York,06519 06511 06510 06513 06512 06515 06501 06502 06503 06504 06505 06506 06507 06508 06509 06520 06521 06530 06531 06532 06533 06534 06535 06536 06537 06538 06540,1840004850
Norwich,Norwich,CT,Connecticut,9011,New London,41.5495,-72.0882,204360,39556,544,polygon,TRUE,America/New_York,06380 06389 06360,1840004828
Waterbury,Waterbury,CT,Connecticut,9009,New Haven,41.5583,-73.0361,190855,108272,1465,polygon,TRUE,America/New_York,06708 06702 06704 06705 06706 06710 06701 06703 06720 06721 06722 06723 06724 06725 06726 06749,1840004851
Dover,Dover,DE,Delaware,10001,Kent,39.16,-75.5204,116114,37786,629,polygon,TRUE,America/New_York,19902 19901 19904 19903 19905 19906,1840005810
Wilmington,Wilmington,DE,Delaware,10003,New Castle,39.7349,-75.5286,71442,71442,2529,polygon,TRUE,America/New_York,19809 19802 19801 19806 19805 19850 19880 19884 19885 19886 19890 19891 19892 19893 19894 19895 19896 19897 19898 19899,1840005579
Newark,Newark,DE,Delaware,10003,New Castle,39.6777,-75.7573,33398,33398,1403,polygon,TRUE,America/New_York,19713 19711 19717 19716 19712 19714 19715 19718 19725 19726,1840005578
Middletown,Middletown,DE,Delaware,10003,New Castle,39.4451,-75.7165,32540,20876,684,polygon,TRUE,America/New_York,19709,1840005581
Lewes,Lewes,DE,Delaware,10005,Sussex,38.7784,-75.1455,27008,3074,312,polygon,TRUE,America/New_York,19958,1840006068
Washington,Washington,DC,District of Columbia,11001,District of Columbia,38.9047,-77.0163,5191844,681170,4301,polygon,TRUE,America/New_York,20010 20011 20012 20015 20228 20520 20307 20418 20319 20020 20024 20510 20593 20540 20240 20245 20202 20390 20007 20006 20004 20003 20002 20001 20009 20008 20535 20317 20405 20057 20052 20053 20017 20018 20565 20566 20560 20064 20551 20553 20019 20230 20373 20260 20427 20005 20032 20036 20037 20204 20506 20045 20016 20013 20022 20026 20027 20029 20030 20033 20035 20038 20039 20040 20041 20042 20043 20044 20047 20049 20050 20055 20056 20058 20059 20060 20061 20062 20063 20065 20066 20067 20068 20069 20070 20071 20073 20074 20075 20076 20077 20078 20080 20081 20082 20090 20091 20189 20201 20203 20206 20207 20208 20210 20211 20212 20213 20214 20215 20216 20217 20218 20219 20220 20221 20222 20223 20224 20226 20227 20229 20232 20233 20235 20237 20238 20239 20241 20242 20244 20250 20251 20252 20254 20261 20262 20265 20266 20268 20270 20277 20289 20299 20301 20303 20306 20310 20314 20318 20330 20340 20350 20355 20370 20372 20374 20375 20376 20380 20388 20389 20391 20392 20393 20394 20395 20398 20401 20402 20403 20404 20406 20407 20408 20409 20410 20411 20412 20413 20414 20415 20416 20417 20419 20420 20421 20422 20423 20424 20425 20426 20428 20429 20431 20433 20434 20435 20436 20437 20439 20440 20441 20442 20444 20447 20451 20453 20456 20460 20463 20468 20469 20470 20472 20500 20501 20502 20503 20504 20505 20507 20508 20509 20511 20515 20521 20522 20523 20524 20525 20526 20527 20528 20529 20530 20531 20533 20534 20536 20537 20538 20539 20541 20542 20543 20544 20546 20547 20548 20549 20552 20554 20555 20557 20559 20570 20571 20572 20573 20575 20576 20577 20578 20579 20580 20581 20585 20586 20588 20590 20591 20594 20597 20599 56901 56902 56904 56908 56915 56920 56933 56935 56944 56945 56950 56965 56967 56972 56998 56999,1840006060
Miami,Miami,FL,Florida,12086,Miami-Dade,25.784,-80.2102,6247425,453579,4866,polygon,TRUE,America/New_York,33129 33125 33126 33127 33128 33149 33144 33145 33142 33139 33138 33137 33136 33135 33134 33133 33132 33131 33130 33150 33101 33109 33102 33111 33114 33116 33119 33124 33151 33152 33153 33163 33164 33188 33192 33195 33197 33199 33222 33231 33233 33234 33238 33239 33242 33243 33245 33247 33255 33256 33257 33261 33265 33266 33269 33280 33283 33296 33299,1840015149
Tampa,Tampa,FL,Florida,12057,Hillsborough,27.9937,-82.4454,2744107,377165,1283,polygon,TRUE,America/New_York,33637 33629 33621 33620 33647 33602 33619 33616 33613 33611 33617 33614 33610 33612 33605 33604 33609 33607 33606 33603 33601 33608 33622 33623 33630 33631 33633 33646 33650 33655 33660 33661 33662 33663 33664 33672 33673 33674 33675 33677 33679 33680 33681 33682 33684 33685 33686 33687 33688 33689 33694,1840015982
Orlando,Orlando,FL,Florida,12095,Orange,28.4801,-81.3448,1757288,277173,1041,polygon,TRUE,America/New_York,32829 32827 32824 32822 32804 32805 32806 32807 32801 32803 32808 32839 32835 32832 32819 32812 32811 32814 32802 32816 32834 32853 32854 32855 32856 32857 32858 32859 32860 32861 32862 32867 32868 32869 32872 32877 32878 32885 32886 32887 32891 32897,1840015099
Jacksonville,Jacksonville,FL,Florida,12031,Duval,30.3322,-81.6749,1141459,880619,454,polygon,TRUE,America/New_York,32224 32225 32226 32227 32220 32221 32222 32223 32228 32219 32218 32217 32216 32211 32210 32212 32246 32244 32233 32234 32206 32205 32202 32250 32254 32257 32256 32208 32209 32204 32258 32277 32207 32099 32201 32203 32214 32229 32231 32232 32235 32236 32237 32238 32239 32241 32245 32247 32255 32260,1840015031
Sarasota,Sarasota,FL,Florida,12115,Sarasota,27.3391,-82.5439,701487,56610,1488,polygon,TRUE,America/New_York,34237 34232 34234 34236 34239 34230 34276 34277 34278,1840015988
Atlanta,Atlanta,GA,Georgia,13121,Fulton,33.7627,-84.4231,5080712,472522,1370,polygon,TRUE,America/New_York,30334 30331 30332 30309 30308 30307 30303 30354 30327 30326 30324 30319 30316 30342 30305 30306 30317 30314 30315 30312 30313 30310 30311 30363 30318 30301 30302 30304 30321 30325 30343 30348 30353 30355 30357 30358 30361 30362 30368 30369 30370 30371 30375 30377 30378 30380 30385 30388 30392 30394 30396 30398 31106 31107 31119 31126 31131 31139 31141 31145 31146 31150 31156 31192 31193 31195 31196 39901,1840013660
Augusta,Augusta,GA,Georgia,13245,Richmond,33.3644,-82.0708,389215,197081,251,polygon,TRUE,America/New_York,30912 30815 30812 30907 30906 30904 30901 30909 30905 30805 30914 30916 30917 30919 30999,1840029462
Savannah,Savannah,GA,Georgia,13051,Chatham,32.0282,-81.1784,280692,146763,548,polygon,TRUE,America/New_York,31322 31409 31408 31401 31405 31404 31407 31406 31419 31415 31402 31403 31412 31414 31416 31418 31420 31421,1840015830
Columbus,Columbus,GA,Georgia,13215,Muscogee,32.51,-84.8771,263737,197485,352,polygon,TRUE,America/New_York,31820 31829 31909 31904 31905 31906 31907 31901 31903 31808 31902 31908 31914 31917 31993 31997 31998 31999,1840014887
Gainesville,Gainesville,GA,Georgia,13139,Hall,34.2903,-83.8299,154859,40000,468,polygon,TRUE,America/New_York,30501 30507 30504 30503,1840013612
Honolulu,Honolulu,HI,Hawaii,15003,Honolulu,21.3293,-157.846,836995,351792,2244,polygon,TRUE,Pacific/Honolulu,96859 96850 96815 96819 96818 96822 96826 96813 96814 96817 96816 96801 96802 96803 96804 96805 96806 96807 96808 96809 96810 96811 96812 96820 96823 96824 96828 96830 96836 96837 96838 96839 96840 96841 96843 96844 96846 96847 96848 96849 96858 96898,1840013305
Pearl City,Pearl City,HI,Hawaii,15003,Honolulu,21.4031,-157.9566,,,3140.4,polygon,FALSE,Pacific/Honolulu,96701 96782,1840023251
Hilo,Hilo,HI,Hawaii,15001,Hawaii,19.6886,-155.0864,,,1690.4,polygon,FALSE,Pacific/Honolulu,96720 96721,1840023193
Kailua,Kailua,HI,Hawaii,15003,Honolulu,21.3921,-157.7397,,,1919.3,polygon,FALSE,Pacific/Honolulu,96734,1840023244
Kahului,Kahului,HI,Hawaii,15009,Maui,20.8717,-156.4603,,,3301.9,polygon,FALSE,Pacific/Honolulu,96732 96733 96784,1840023232
Boise,Boise,ID,Idaho,16001,Ada,43.5991,-116.2306,379410,223154,1070,polygon,TRUE,America/Boise,83703 83702 83709 83706 83705 83704 83716 83712 83713 83701 83708 83715 83717 83720 83722 83724 83725 83728 83729 83735 83756 83799,1840027142
Nampa,Nampa,ID,Idaho,16027,Canyon,43.5833,-116.5641,169761,91382,1136,polygon,TRUE,America/Boise,83651 83687 83686,1840020041
Coeur d'Alene,Coeur d'Alene,ID,Idaho,16055,Kootenai,47.7041,-116.7928,112088,50285,1245,polygon,TRUE,America/Los_Angeles,83815 83814 83816,1840018402
Idaho Falls,Idaho Falls,ID,Idaho,16019,Bonneville,43.4878,-112.0359,96166,60211,1029,polygon,TRUE,America/Boise,83401 83402 83404 83415,1840018644
Meridian,Meridian,ID,Idaho,16001,Ada,43.6182,-116.398,95623,95623,1351,polygon,TRUE,America/Boise,83646 83642 83680,1840020046
Chicago,Chicago,IL,Illinois,17031,Cook,41.8373,-87.6861,8639278,2704958,4585,polygon,TRUE,America/Chicago,60018 60649 60641 60640 60643 60642 60645 60644 60647 60646 60616 60617 60614 60615 60612 60613 60610 60611 60618 60619 60631 60827 60638 60639 60634 60636 60637 60630 60632 60633 60605 60604 60607 60606 60601 60603 60602 60609 60608 60106 60661 60660 60659 60652 60653 60656 60657 60654 60655 60651 60623 60622 60621 60620 60626 60625 60624 60629 60628 60707 60664 60666 60668 60669 60670 60673 60674 60675 60677 60678 60680 60681 60684 60685 60686 60687 60688 60689 60690 60691 60693 60694 60695 60696 60697 60699 60701,1840000494
Rockford,Rockford,IL,Illinois,17201,Winnebago,42.2594,-89.0646,286727,147651,899,polygon,TRUE,America/Chicago,61101 61114 61109 61108 61104 61107 61103 61102 61105 61106 61110 61125 61126,1840009132
Round Lake Beach,Round Lake Beach,IL,Illinois,17097,Lake,42.379,-88.0811,286350,27776,2117,polygon,TRUE,America/Chicago,60073,1840011171
Peoria,Peoria,IL,Illinois,17143,Peoria,40.7518,-89.6153,265218,114265,914,polygon,TRUE,America/Chicago,61625 61606 61615 61614 61602 61605 61603 61604 61601 61612 61613 61629 61630 61633 61634 61635 61636 61637 61638 61639 61641 61643 61650 61651 61652 61653 61654 61655 61656,1840009373
Aurora,Aurora,IL,Illinois,17089,Kane,41.7638,-88.2901,201110,201110,1729,polygon,TRUE,America/Chicago,60506 60505 60504 60502 60503 60519 60507 60568 60569 60572 60598 60599,1840007034
Indianapolis,Indianapolis,IN,Indiana,18097,Marion,39.7771,-86.1458,1550488,855164,913,polygon,TRUE,America/Indiana/Indianapolis,46237 46218 46219 46217 46214 46260 46268 46226 46224 46229 46228 46183 46231 46234 46235 46236 46239 46254 46208 46201 46203 46202 46205 46204 46256 46250 46259 46227 46225 46222 46221 46220 46113 46278 46241 46240 46206 46207 46209 46210 46211 46230 46242 46244 46247 46249 46251 46253 46255 46262 46274 46275 46277 46282 46283 46285 46291 46296 46298,1840030084
Fort Wayne,Fort Wayne,IN,Indiana,18003,Allen,41.0885,-85.1436,326814,264488,923,polygon,TRUE,America/Indiana/Indianapolis,46835 46845 46818 46814 46815 46816 46825 46803 46802 46807 46806 46805 46804 46809 46808 46801 46850 46851 46852 46853 46854 46855 46856 46857 46858 46859 46860 46861 46862 46863 46864 46865 46866 46867 46868 46869 46885 46895 46896 46897 46898 46899,1840008261
South Bend,South Bend,IN,Indiana,18141,St. Joseph,41.6771,-86.269,279698,101735,950,polygon,TRUE,America/Indiana/Indianapolis,46616 46635 46628 46601 46614 46613 46619 46617 46615 46624 46626 46634 46660 46680 46699,1840009241
Evansville,Evansville,IN,Indiana,18163,Vanderburgh,37.9882,-87.5339,233353,119477,974,polygon,TRUE,America/Chicago,47708 47714 47715 47710 47711 47713 47701 47702 47703 47704 47705 47706 47716 47719 47721 47722 47724 47728 47730 47731 47732 47733 47734 47735 47736 47737 47740 47747 47750,1840013730
Lafayette,Lafayette,IN,Indiana,18157,Tippecanoe,40.399,-86.8592,157955,71782,940,polygon,TRUE,America/Indiana/Indianapolis,47909 47905 47904 47901 47902 47903,1840008354
Des Moines,Des Moines,IA,Iowa,19153,Polk,41.5725,-93.6104,476689,215472,935,polygon,TRUE,America/Chicago,50309 50314 50315 50316 50317 50310 50313 50319 50321 50320 50311 50312 50301 50302 50303 50304 50305 50306 50307 50308 50318 50328 50329 50330 50331 50332 50333 50334 50335 50336 50339 50340 50359 50360 50361 50362 50363 50364 50367 50368 50369 50380 50381 50391 50392 50393 50394 50395 50396 50936 50940 50947 50950 50980 50981 50982 50983,1840007069
Davenport,Davenport,IA,Iowa,19163,Scott,41.5558,-90.6052,288233,102612,629,polygon,TRUE,America/Chicago,52802 52803 52801 52806 52807 52804 52805 52808 52809,1840007081
Cedar Rapids,Cedar Rapids,IA,Iowa,19113,Linn,41.9667,-91.6781,184610,131127,715,polygon,TRUE,America/Chicago,52404 52405 52402 52401 52411 52403 52406 52407 52408 52409 52410 52497 52498 52499,1840000471
Iowa City,Iowa City,IA,Iowa,19103,Johnson,41.6558,-91.5304,116891,74398,1109,polygon,TRUE,America/Chicago,52245 52246 52240 52242 52243 52244,1840000532
Waterloo,Waterloo,IA,Iowa,19013,Black Hawk,42.492,-92.3522,112635,67934,427,polygon,TRUE,America/Chicago,50707 50703 50702 50701 50704,1840000440
Wichita,Wichita,KS,Kansas,20173,Sedgwick,37.6894,-97.344,482205,389902,942,polygon,TRUE,America/Chicago,67230 67235 67260 67217 67216 67215 67214 67213 67212 67211 67210 67219 67218 67223 67220 67226 67202 67203 67204 67205 67206 67207 67208 67209 67201 67275 67276 67277 67278,1840001686
Overland Park,Overland Park,KS,Kansas,20091,Johnson,38.8871,-94.6871,188966,188966,971,polygon,TRUE,America/Chicago,66214 66210 66211 66212 66213 66221 66223 66209 66202 66207 66204 66062 66085 66224 66201 66222 66225 66250 66251 66276 66282 66283 66285 66286,1840003834
Kansas City,Kansas City,KS,Kansas,20209,Wyandotte,39.1234,-94.7443,151709,151709,469,polygon,TRUE,America/Chicago,66101 66102 66103 66104 66105 66106 66109 66115 66112 66111 66118 66110 66117 66119 66160,1840001626
Topeka,Topeka,KS,Kansas,20177,Shawnee,39.0347,-95.6955,149220,126808,804,polygon,TRUE,America/Chicago,66621 66622 66609 66608 66607 66606 66605 66604 66603 66611 66612 66614 66616 66601 66620 66624 66625 66626 66629 66636 66647 66667 66675 66683 66699,1840001621
Olathe,Olathe,KS,Kansas,20091,Johnson,38.884,-94.8194,135473,135473,865,polygon,TRUE,America/Chicago,66062 66061 66051 66063,1840003833
Louisville,Louisville,KY,Kentucky,21111,Jefferson,38.1662,-85.6488,1003412,616261,902,polygon,TRUE,America/New_York,40177 40245 40241 40218 40219 40214 40216 40211 40213 40059 40291 40299 40220 40223 40222 40229 40228 40023 40272 40207 40209 40258 40118 40018 40027,1840030815
Lexington,Lexington,KY,Kentucky,21067,Fayette,38.0423,-84.4587,312495,318449,433,polygon,TRUE,America/New_York,40508 40509 40505 40502 40504 40507 40503 40506 40511 40516 40513 40510 40517 40515 40514 40512 40522 40523 40524 40526 40533 40536 40544 40546 40550 40555 40574 40575 40576 40577 40578 40579 40580 40581 40582 40583 40588 40591 40598,1840015211
Bowling Green,Bowling Green,KY,Kentucky,21227,Warren,36.9725,-86.4371,87976,65234,656,polygon,TRUE,America/Chicago,42104 42102 42103 42101,1840013265
Elizabethtown,Elizabethtown,KY,Kentucky,21093,Hardin,37.7033,-85.8771,77016,29906,427,polygon,TRUE,America/New_York,42701 42702,1840013218
Owensboro,Owensboro,KY,Kentucky,21059,Daviess,37.7574,-87.1181,73011,59273,1149,polygon,TRUE,America/Chicago,42301 42303 42302 42304,1840014340
New Orleans,New Orleans,LA,Louisiana,22071,Orleans,30.0687,-89.9288,1024421,391495,892,polygon,TRUE,America/Chicago,70139 70130 70131 70114 70115 70116 70117 70112 70113 70118 70119 70129 70128 70125 70124 70127 70126 70122 70163 70141 70142 70143 70145 70146 70148 70150 70151 70152 70153 70154 70156 70157 70158 70159 70160 70161 70162 70164 70165 70166 70167 70170 70172 70174 70175 70176 70177 70178 70179 70181 70182 70183 70184 70185 70186 70187 70189 70190 70195,1840001839
Baton Rouge,Baton Rouge,LA,Louisiana,22033,East Baton Rouge,30.4422,-91.1314,589675,227715,1023,polygon,TRUE,America/Chicago,70836 70808 70809 70802 70803 70801 70806 70807 70805 70820 70819 70811 70815 70814 70816 70804 70813 70821 70822 70823 70825 70826 70827 70831 70833 70835 70837 70873 70874 70879 70884 70891 70892 70893 70894 70895 70896 70898,1840013941
Shreveport,Shreveport,LA,Louisiana,22017,Caddo,32.4659,-93.7959,291749,194920,702,polygon,TRUE,America/Chicago,71129 71101 71103 71104 71105 71106 71107 71108 71109 71119 71118 71102 71120 71130 71133 71134 71135 71136 71137 71138 71148 71149 71151 71152 71153 71154 71156 71161 71162 71163 71164 71165 71166,1840015768
Lafayette,Lafayette,LA,Louisiana,22055,Lafayette,30.2097,-92.0314,267376,127626,915,polygon,TRUE,America/Chicago,70508 70507 70506 70503 70501 70502 70504 70505 70509 70593 70596 70598,1840015044
Lake Charles,Lake Charles,LA,Louisiana,22019,Calcasieu,30.203,-93.215,153097,76848,704,polygon,TRUE,America/Chicago,70605 70607 70601 70615 70602 70606 70609 70612 70616 70629,1840015039
Portland,Portland,ME,Maine,23005,Cumberland,43.6772,-70.2713,206193,66937,1199,polygon,TRUE,America/New_York,04101 04102 04108 04109 04019 04103 04104 04112 04122 04123 04124,1840000327
Bangor,Bangor,ME,Maine,23019,Penobscot,44.8322,-68.7906,59259,31985,360,polygon,TRUE,America/New_York,04401 04402,1840000238
Lewiston,Lewiston,ME,Maine,23001,Androscoggin,44.0915,-70.1681,58664,36140,408,polygon,TRUE,America/New_York,04240 04241 04243,1840000320
Sanford,Sanford,ME,Maine,23031,York,43.4244,-70.7573,29139,20938,169,polygon,TRUE,America/New_York,04073 04083,1840002672
Waterville,Waterville,ME,Maine,23011,Kennebec,44.544,-69.6626,26806,16406,466,polygon,TRUE,America/New_York,04901 04903,1840000305
Baltimore,Baltimore,MD,Maryland,24510,Baltimore (city),39.3051,-76.6144,2181206,614664,2931,polygon,TRUE,America/New_York,21218 21211 21210 21213 21212 21215 21214 21217 21216 21231 21230 21239 21251 21209 21202 21206 21207 21205 21226 21201 21223 21224 21225 21229 21203 21233 21235 21241 21263 21264 21270 21273 21275 21278 21279 21280 21281 21282 21284 21285 21287 21288 21289 21290 21297 21298,1840001592
Hagerstown,Hagerstown,MD,Maryland,24043,Washington,39.6401,-77.7217,186377,40452,1284,polygon,TRUE,America/New_York,21742 21740 21741 21747 21749,1840005613
Frederick,Frederick,MD,Maryland,24021,Frederick,39.4334,-77.4154,152047,70060,1179,polygon,TRUE,America/New_York,21705 21703 21702 21701 21709,1840005710
Salisbury,Salisbury,MD,Maryland,24045,Wicomico,38.3755,-75.5883,107026,33114,955,polygon,TRUE,America/New_York,21802 21804 21801 21803,1840006219
Gaithersburg,Gaithersburg,MD,Maryland,24031,Montgomery,39.1347,-77.213,67776,67776,2553,polygon,TRUE,America/New_York,20878 20899 20879 20877,1840005848
Boston,Boston,MA,Massachusetts,25025,Suffolk,42.3189,-71.0838,4556916,673184,5373,polygon,TRUE,America/New_York,02120 02121 02122 02124 02125 02126 02127 02128 02129 02210 02215 02467 02119 02118 02111 02110 02113 02115 02114 02116 02199 02134 02136 02135 02132 02131 02130 02203 02163 02152 02108 02109 02112 02117 02123 02133 02137 02196 02201 02204 02205 02206 02211 02212 02217 02222 02241 02266 02283 02284 02293 02297 02298,1840000455
Springfield,Springfield,MA,Massachusetts,25013,Hampden,42.1155,-72.5395,625300,154074,1866,polygon,TRUE,America/New_York,01151 01118 01119 01199 01129 01128 01107 01105 01104 01103 01109 01108 01101 01102 01111 01115 01138 01139 01144 01152,1840000466
Worcester,Worcester,MA,Massachusetts,25027,Worcester,42.2705,-71.8079,495856,184508,1906,polygon,TRUE,America/New_York,01604 01610 01608 01609 01602 01603 01605 01606 01607 01601 01613 01614 01615 01653 01655,1840000434
New Bedford,New Bedford,MA,Massachusetts,25005,Bristol,41.6697,-70.9428,149390,95032,1834,polygon,TRUE,America/New_York,02740 02744 02745 02746 02741 02742,1840003219
Leominster,Leominster,MA,Massachusetts,25027,Worcester,42.5209,-71.7717,119538,41663,558,polygon,TRUE,America/New_York,1453,1840000437
Detroit,Detroit,MI,Michigan,26163,Wayne,42.3834,-83.1024,3520589,672795,1872,polygon,TRUE,America/Detroit,48209 48208 48201 48207 48206 48205 48204 48203 48238 48239 48234 48235 48233 48202 48243 48214 48215 48216 48217 48210 48211 48212 48213 48219 48228 48224 48227 48226 48221 48223 48222 48231 48232 48244 48255 48260 48264 48265 48266 48267 48268 48269 48272 48275 48277 48278 48279 48288,1840003971
Grand Rapids,Grand Rapids,MI,Michigan,26081,Kent,42.9615,-85.6557,595467,196445,1707,polygon,TRUE,America/Detroit,49546 49506 49505 49507 49504 49503 49508 49501 49502 49510 49514 49515 49516 49518 49523 49530 49555 49560 49588 49599,1840002928
Flint,Flint,MI,Michigan,26049,Genesee,43.0235,-83.6921,338616,97386,1125,polygon,TRUE,America/Detroit,48553 48502 48551 48504 48505 48506 48507 48503 48501 48531 48550 48552 48555 48556 48557,1840002949
Ann Arbor,Ann Arbor,MI,Michigan,26161,Washtenaw,42.2757,-83.7312,324421,120782,1672,polygon,TRUE,America/Detroit,48103 48104 48105 48108 48109 48106 48107 48113,1840003172
Lansing,Lansing,MI,Michigan,26065,Ingham,42.7142,-84.5598,318278,116020,1144,polygon,TRUE,America/Detroit,48933 48915 48912 48911 48910 48921 48906 48901 48908 48909 48913 48916 48918 48919 48922 48924 48929 48930 48937 48951 48956 48980,1840003102
Minneapolis,Minneapolis,MN,Minnesota,27053,Hennepin,44.9635,-93.2679,2866604,413651,2957,polygon,TRUE,America/Chicago,55402 55409 55408 55407 55406 55405 55404 55403 55401 55417 55455 55430 55454 55418 55419 55410 55411 55412 55413 55414 55415 55416 55440 55458 55459 55460 55467 55470 55472 55473 55474 55478 55479 55480 55483 55484 55485 55486 55487 55488,1840007830
Saint Paul,Saint Paul,MN,Minnesota,27123,Ramsey,44.9477,-93.104,302398,302398,2246,polygon,TRUE,America/Chicago,55114 55117 55116 55119 55130 55155 55102 55103 55101 55106 55107 55104 55105 55108 55133 55144 55145 55146 55164 55165 55170 55172 55175 55188,1840008940
Duluth,Duluth,MN,Minnesota,27137,St. Louis,46.7797,-92.1334,120418,86293,492,polygon,TRUE,America/Chicago,55803 55802 55806 55805 55804 55808 55810 55811 55812 55807 55801 55815 55816,1840007685
Rochester,Rochester,MN,Minnesota,27109,Olmsted,44.0152,-92.4776,114976,114011,806,polygon,TRUE,America/Chicago,55902 55901 55906 55904 55905 55903,1840008987
Saint Cloud,Saint Cloud,MN,Minnesota,27145,Stearns,45.5339,-94.1718,113649,67641,652,polygon,TRUE,America/Chicago,56304 56301 56303 56302 56372 56393 56395 56396 56397 56398 56399,1840008881
Jackson,Jackson,MS,Mississippi,28049,Hinds,32.3163,-90.2124,342607,169148,588,polygon,TRUE,America/Chicago,39272 39206 39204 39203 39202 39201 39209 39269 39174 39211 39212 39213 39216 39217 39205 39207 39210 39215 39225 39236 39250 39271 39282 39283 39284 39286 39288 39289 39296 39298,1840014895
Gulfport,Gulfport,MS,Mississippi,28047,Harrison,30.4271,-89.0703,222131,72076,500,polygon,TRUE,America/Chicago,39501 39503 39507 39502 39505 39506,1840013947
Hattiesburg,Hattiesburg,MS,Mississippi,28035,Forrest,31.3073,-89.3169,81995,46926,340,polygon,TRUE,America/Chicago,39401 39402 39406 39403 39404 39407,1840013878
Southaven,Southaven,MS,Mississippi,28033,DeSoto,34.9514,-89.9787,53214,53214,497,polygon,TRUE,America/Chicago,38651 38671 38672,1840015519
Pascagoula,Pascagoula,MS,Mississippi,28059,Jackson,30.3665,-88.5507,49504,21981,551,polygon,TRUE,America/Chicago,39581 39567 39568 39569 39595,1840015018
Saint Louis,Saint Louis,MO,Missouri,29510,St. Louis (city),38.6358,-90.2451,2096990,311404,1940,polygon,TRUE,America/Chicago,63110 63111 63112 63113 63115 63116 63118 63120 63107 63106 63104 63103 63102 63101 63109 63108 63155 63139 63137 63143 63147 63145 63150 63151 63156 63157 63158 63160 63163 63164 63166 63167 63169 63171 63177 63178 63179 63180 63182 63188 63195 63197 63199,1840001651
Kansas City,Kansas City,MO,Missouri,29095,Jackson,39.1239,-94.5541,1590762,481420,590,polygon,TRUE,America/Chicago,64163 64164 64165 64167 64161 64053 64119 64118 64151 64153 64155 64154 64157 64156 64158 64108 64109 64102 64105 64101 64128 64124 64125 64126 64127 64120 64123 64129 64166 64192 64114 64117 64116 64111 64110 64113 64112 64132 64130 64146 64145 64149 64147 64106 64139 64138 64133 64131 64137 64136 64134 64121 64141 64144 64148 64162 64168 64170 64171 64179 64180 64184 64187 64188 64190 64191 64195 64196 64197 64198 64199 64999,1840008535
Springfield,Springfield,MO,Missouri,29077,Greene,37.1943,-93.2916,287124,167319,787,polygon,TRUE,America/Chicago,65810 65802 65803 65804 65806 65807 65809 65801 65805 65808 65814 65817 65890 65897 65898 65899,1840009904
Columbia,Columbia,MO,Missouri,29019,Boone,38.9475,-92.3263,138675,120612,721,polygon,TRUE,America/Chicago,65202 65203 65201 65215 65205 65211 65212 65216 65217 65218,1840007391
Independence,Independence,MO,Missouri,29095,Jackson,39.0871,-94.3503,117030,117030,580,polygon,TRUE,America/Chicago,64054 64055 64056 64057 64050 64052 64053 64015 64016 64051,1840008534
Billings,Billings,MT,Montana,30111,Yellowstone,45.7892,-108.5498,121550,110323,985,polygon,TRUE,America/Denver,59106 59105 59102 59101 59104 59107 59108 59115 59116 59117,1840018496
Missoula,Missoula,MT,Montana,30063,Missoula,46.8687,-114.0089,89017,72364,966,polygon,TRUE,America/Denver,59808 59803 59802 59801 59812,1840019840
Great Falls,Great Falls,MT,Montana,30013,Cascade,47.5016,-111.2993,65960,59178,1012,polygon,TRUE,America/Denver,59401 59405 59404,1840019839
Bozeman,Bozeman,MT,Montana,30031,Gallatin,45.6828,-111.0545,52391,45250,879,polygon,TRUE,America/Denver,59718 59715 59717 59719,1840018509
Helena,Helena,MT,Montana,30049,Lewis and Clark,46.5963,-112.0196,49812,31169,729,polygon,TRUE,America/Denver,59601 59602 59623 59624 59625 59626,1840019820
Omaha,Omaha,NE,Nebraska,31055,Douglas,41.2634,-96.0453,792463,446970,1295,polygon,TRUE,America/Chicago,68116 68118 68106 68107 68105 68108 68178 68111 68122 68127 68124 68110 68112 68114 68117 68022 68132 68144 68137 68135 68134 68131 68130 68102 68104 68164 68152 68154 68101 68103 68109 68119 68139 68145 68172 68175 68176 68179 68180 68182 68183 68198,1840009315
Lincoln,Lincoln,NE,Nebraska,31109,Lancaster,40.8102,-96.6808,280741,280364,1183,polygon,TRUE,America/Chicago,68528 68524 68526 68520 68521 68522 68516 68510 68512 68506 68507 68504 68505 68502 68503 68508 68501 68509 68529 68542 68544 68583 68588,1840009357
Grand Island,Grand Island,NE,Nebraska,31079,Hall,40.9214,-98.3585,53556,51517,670,polygon,TRUE,America/Chicago,68803 68801 68802,1840000956
Bellevue,Bellevue,NE,Nebraska,31153,Sarpy,41.1536,-95.9357,53505,53505,1248,polygon,TRUE,America/Chicago,68147 68123 68157 68005,1840007142
Kearney,Kearney,NE,Nebraska,31019,Buffalo,40.7008,-99.0839,34065,33520,983,polygon,TRUE,America/Chicago,68847 68845 68849 68848,1840000957
Las Vegas,Las Vegas,NV,Nevada,32003,Clark,36.2288,-115.2603,2044731,632912,1829,polygon,TRUE,America/Los_Angeles,89149 89107 89106 89104 89102 89101 89108 89138 89130 89131 89134 89143 89146 89145 89144 89124 89110 89117 89129 89128 88901 88905 89114 89116 89125 89127 89133 89137 89151 89152 89153 89155 89158 89163 89164 89180 89185 89195,1840020364
Reno,Reno,NV,Nevada,32031,Washoe,39.5487,-119.8486,427007,245255,882,polygon,TRUE,America/Los_Angeles,89521 89523 89439 89503 89502 89501 89506 89509 89508 89519 89512 89504 89505 89507 89513 89515 89520 89533 89555 89557 89570 89595 89599,1840020121
Henderson,Henderson,NV,Nevada,32003,Clark,36.0145,-115.0362,292969,292969,1080,polygon,TRUE,America/Los_Angeles,89044 89052 89002 89074 89015 89014 89011 89012 89009 89077 89105 89140,1840020361
North Las Vegas,North Las Vegas,NV,Nevada,32003,Clark,36.288,-115.0901,238702,238702,940,polygon,TRUE,America/Los_Angeles,89032 89031 89030 89086 89084 89085 89081 89115 89033 89087,1840020363
Sparks,Sparks,NV,Nevada,32031,Washoe,39.5727,-119.7131,98345,98345,1049,polygon,TRUE,America/Los_Angeles,89436 89434 89431 89432 89435,1840021337
Nashua,Nashua,NH,New Hampshire,33011,Hillsborough,42.7492,-71.491,230061,87882,1099,polygon,TRUE,America/New_York,03062 03063 03060 03064 03061,1840002984
Manchester,Manchester,NH,New Hampshire,33011,Hillsborough,42.9844,-71.4445,159744,110506,1288,polygon,TRUE,America/New_York,03109 03104 03101 03103 03102 03105 03108 03111,1840002983
Dover,Dover,NH,New Hampshire,33017,Strafford,43.1887,-70.8845,91514,31153,450,polygon,TRUE,America/New_York,03820 03821 03822,1840002808
Portsmouth,Portsmouth,NH,New Hampshire,33015,Rockingham,43.058,-70.7826,91193,21485,530,polygon,TRUE,America/New_York,03801 03802 03803 03804,1840002932
Concord,Concord,NH,New Hampshire,33013,Merrimack,43.2307,-71.5595,42821,42904,257,polygon,TRUE,America/New_York,03303 03301 03302 03305,1840002747
Trenton,Trenton,NJ,New Jersey,34021,Mercer,40.2237,-74.764,293697,84056,4243,polygon,TRUE,America/New_York,08638 08611 08618 08629 08609 08608 08601 08602 08603 08604 08605 08606 08607 08625 08645 08646 08647 08650 08666 08695,1840001383
Newark,Newark,NJ,New Jersey,34013,Essex,40.7242,-74.1724,281764,281764,4496,polygon,TRUE,America/New_York,07103 07102 07105 07104 07107 07106 07108 07112 07114 07101 07175 07184 07188 07189 07191 07192 07193 07195 07198 07199,1840002791
Jersey City,Jersey City,NJ,New Jersey,34017,Hudson,40.7161,-74.0683,264152,264152,6894,polygon,TRUE,America/New_York,07310 07311 07302 07307 07306 07305 07304 07097 07303 07308 07395 07399,1840003600
Atlantic City,Atlantic City,NJ,New Jersey,34001,Atlantic,39.3795,-74.4524,243285,38735,1391,polygon,TRUE,America/New_York,08401 08404 08405,1840003798
Paterson,Paterson,NJ,New Jersey,34031,Passaic,40.9147,-74.1624,147000,147000,6734,polygon,TRUE,America/New_York,07522 07524 07514 07513 07505 07504 07501 07503 07502 07509 07510 07533 07543 07544,1840000838
Albuquerque,Albuquerque,NM,New Mexico,35001,Bernalillo,35.1055,-106.6476,759517,559277,1147,polygon,TRUE,America/Denver,87121 87123 87112 87113 87110 87111 87116 87114 87109 87108 87102 87105 87104 87107 87106 87120 87101 87103 87115 87119 87125 87131 87151 87153 87154 87158 87176 87181 87184 87185 87187 87190 87191 87192 87193 87194 87195 87196 87197 87198 87199,1840019176
Las Cruces,Las Cruces,NM,New Mexico,35013,Doña Ana,32.3265,-106.7893,134050,101759,510,polygon,TRUE,America/Denver,88012 88011 88005 88007 88001 88006 88013,1840020683
Santa Fe,Santa Fe,NM,New Mexico,35049,Santa Fe,35.6619,-105.9818,110208,83875,617,polygon,TRUE,America/Denver,87505 87507 87501 87502 87503 87504 87509 87592 87594,1840021707
Rio Rancho,Rio Rancho,NM,New Mexico,35043,Sandoval,35.2873,-106.6979,96028,96028,358,polygon,TRUE,America/Denver,87121 87124 87144 87174,1840020387
Los Lunas,Los Lunas,NM,New Mexico,35061,Valencia,34.8092,-106.7663,66411,15454,374,polygon,TRUE,America/Denver,87031,1840022814
New York,New York,NY,New York,36061,New York,40.6943,-73.9249,19164071,8537673,10934,polygon,TRUE,America/New_York,11229 11226 11225 11224 11222 11221 11220 11385 10169 10168 10167 10165 10162 10282 10280 10040 10044 11109 11102 11103 11104 11105 11379 11378 11697 11694 11692 11693 11691 10271 10279 10278 10075 10302 10452 11451 10475 10474 10471 10470 10473 10472 11228 11223 10103 11368 11369 11366 11367 11365 11362 11363 11360 11361 10028 10029 10026 10027 10024 10025 10022 10023 10020 10021 11212 11213 11210 11211 11216 11217 11214 11215 11218 11219 10152 10153 10154 10306 10305 10310 10311 10312 10314 11432 11433 11430 11436 11434 11435 10453 10451 10457 10456 10455 10454 10459 10458 10128 10004 10005 10006 10007 10001 10002 10003 10009 11238 11239 11230 11231 11232 11233 11234 11235 11236 11237 11375 11374 11377 11371 11370 11373 11372 10170 10171 10172 10173 10174 10177 11351 10039 10038 10035 10034 10037 10036 10031 10030 10033 10032 11201 11208 11203 11205 11204 11207 11206 11209 11411 11412 11413 11414 11415 11416 11417 11418 11419 11101 11106 11001 11005 11004 10065 10069 10199 10309 10308 10307 10304 10303 10301 11429 11428 11421 11420 11423 11422 11425 11424 11427 11426 10466 10467 10464 10465 10462 10463 10460 10461 10468 10469 10119 10115 10112 10110 10111 11364 11359 11358 11357 11356 11355 11354 10019 10018 10013 10012 10011 10010 10017 10016 10014 10008 10041 10043 10045 10055 10060 10080 10081 10087 10090 10101 10102 10104 10105 10106 10107 10108 10109 10113 10114 10116 10117 10118 10120 10121 10122 10123 10124 10125 10126 10129 10130 10131 10132 10133 10138 10150 10151 10155 10156 10157 10158 10159 10160 10163 10164 10166 10175 10176 10178 10179 10185 10203 10211 10212 10213 10242 10249 10256 10258 10259 10260 10261 10265 10268 10269 10270 10272 10273 10274 10275 10276 10277 10281 10285 10286 10313 11120 11202 11241 11242 11243 11245 11247 11249 11251 11252 11256 11352 11380 11381 11386 11405 11431 11439 11499 11690 11695,1840034016
Buffalo,Buffalo,NY,New York,36029,Erie,42.9016,-78.8487,920136,256902,2456,polygon,TRUE,America/New_York,14208 14209 14202 14203 14201 14206 14207 14204 14220 14222 14218 14211 14210 14213 14212 14215 14214 14216 14205 14231 14233 14240 14241 14260 14263 14264 14265 14267 14269 14270 14272 14273 14276 14280,1840000386
Rochester,Rochester,NY,New York,36055,Monroe,43.1681,-77.6162,714852,208880,2253,polygon,TRUE,America/New_York,14608 14609 14606 14605 14607 14604 14627 14620 14621 14619 14615 14614 14617 14611 14610 14613 14612 14602 14603 14638 14639 14642 14643 14644 14646 14647 14649 14650 14651 14652 14653 14692 14694,1840000373
Albany,Albany,NY,New York,36001,Albany,42.6664,-73.7987,596419,98111,1771,polygon,TRUE,America/New_York,12208 12209 12204 12206 12207 12202 12203 12205 12210 12222 12201 12212 12214 12220 12223 12224 12225 12226 12227 12228 12229 12230 12231 12232 12233 12234 12235 12236 12237 12238 12239 12240 12241 12242 12243 12244 12245 12246 12247 12248 12249 12250 12255 12257 12260 12261 12288,1840000417
Syracuse,Syracuse,NY,New York,36067,Onondaga,43.0409,-76.1438,407208,143378,2210,polygon,TRUE,America/New_York,13210 13214 13290 13224 13207 13206 13205 13204 13203 13202 13208 13201 13217 13218 13220 13221 13225 13235 13244 13250 13251 13252 13261,1840000378
Charlotte,Charlotte,NC,North Carolina,37119,Mecklenburg,35.208,-80.8308,1438351,842051,1065,polygon,TRUE,America/New_York,28269 28262 28105 28280 28282 28209 28208 28205 28204 28207 28206 28203 28202 28227 28226 28278 28270 28273 28277 28134 28216 28217 28214 28215 28212 28213 28210 28211 28244 28126 28130 28201 28218 28219 28220 28221 28222 28223 28224 28228 28229 28230 28231 28232 28233 28234 28235 28236 28237 28241 28242 28243 28246 28247 28253 28254 28255 28256 28258 28260 28263 28265 28266 28271 28272 28274 28275 28281 28284 28285 28287 28288 28289 28290 28296 28297 28299,1840014557
Raleigh,Raleigh,NC,North Carolina,37183,Wake,35.8323,-78.6441,1005457,458880,1225,polygon,TRUE,America/New_York,27617 27616 27615 27614 27613 27612 27610 27608 27609 27601 27603 27604 27605 27606 27607 27602 27611 27619 27620 27621 27622 27623 27624 27625 27626 27627 27628 27629 27634 27635 27636 27640 27650 27656 27658 27661 27668 27675 27676 27690 27695 27697 27698 27699,1840014497
Winston-Salem,Winston-Salem,NC,North Carolina,37067,Forsyth,36.1029,-80.261,412490,242203,705,polygon,TRUE,America/New_York,27110 27127 27040 27107 27106 27105 27104 27103 27101 27109 27010 27102 27108 27111 27113 27114 27115 27116 27117 27120 27130 27150 27152 27155 27157 27198 27199,1840015324
Durham,Durham,NC,North Carolina,37063,Durham,35.9801,-78.9045,400379,263016,929,polygon,TRUE,America/New_York,27701 27703 27704 27707 27709 27705 27712 27713 27702 27706 27708 27710 27711 27715 27717 27722,1840013364
Greensboro,Greensboro,NC,North Carolina,37081,Guilford,36.096,-79.8275,331894,287027,874,polygon,TRUE,America/New_York,27410 27455 27408 27409 27403 27401 27406 27407 27405 27214 27402 27404 27411 27412 27413 27415 27416 27417 27419 27420 27425 27427 27429 27435 27438 27495 27497 27498 27499,1840013356
Fargo,Fargo,ND,North Dakota,38017,Cass,46.8654,-96.829,202146,120762,952,polygon,TRUE,America/Chicago,58102 58103 58105 58104 58106 58107 58108 58109 58121 58122 58124 58125 58126,1840000177
Bismarck,Bismarck,ND,North Dakota,38015,Burleigh,46.8127,-100.7694,96857,72417,849,polygon,TRUE,America/Chicago,58505 58504 58501 58503 58502 58506 58507,1840001926
Grand Forks,Grand Forks,ND,North Dakota,38035,Grand Forks,47.912,-97.0751,66487,57339,1097,polygon,TRUE,America/Chicago,58202 58203 58201 58206 58207 58208,1840000101
Minot,Minot,ND,North Dakota,38101,Ward,48.2375,-101.2779,50845,48743,700,polygon,TRUE,America/Chicago,58707 58703 58702 58701,1840000053
West Fargo,West Fargo,ND,North Dakota,38017,Cass,46.8565,-96.9048,34858,34858,866,polygon,TRUE,America/Chicago,58078,1840001935
Cleveland,Cleveland,OH,Ohio,39035,Cuyahoga,41.4766,-81.6805,1731637,385809,1917,polygon,TRUE,America/New_York,44135 44128 44120 44119 44113 44112 44111 44110 44115 44114 44144 44127 44104 44105 44106 44101 44102 44103 44108 44109 44181 44188 44190 44191 44192 44193 44194 44195 44197 44198 44199,1840000596
Cincinnati,Cincinnati,OH,Ohio,39061,Hamilton,39.1412,-84.506,1634573,298800,1480,polygon,TRUE,America/New_York,45219 45213 45212 45211 45217 45216 45214 45225 45229 45226 45227 45224 45204 45205 45206 45207 45202 45203 45208 45209 45223 45239 45238 45237 45220 45230 45233 45232 45201 45221 45222 45234 45235 45250 45253 45254 45258 45262 45263 45264 45267 45268 45269 45270 45271 45273 45274 45275 45277 45296 45298 45299 45999,1840003814
Columbus,Columbus,OH,Ohio,39049,Franklin,39.9859,-82.9852,1495146,860090,1522,polygon,TRUE,America/New_York,43026 43109 43054 43220 43221 43222 43223 43224 43081 43228 43227 43210 43213 43212 43215 43214 43217 43219 43002 43004 43068 43085 43240 43229 43235 43232 43231 43230 43119 43110 43017 43016 43137 43211 43202 43203 43201 43206 43207 43204 43205 43209 43216 43218 43226 43234 43236 43251 43260 43266 43268 43270 43271 43272 43279 43287 43291,1840003760
Dayton,Dayton,OH,Ohio,39113,Montgomery,39.7798,-84.1999,718772,140489,974,polygon,TRUE,America/New_York,45432 45402 45403 45406 45404 45405 45409 45428 45420 45424 45410 45414 45417 45419 45377 45401 45412 45413 45422 45423 45435 45437 45441 45448 45469 45470 45475 45479 45481 45482 45490,1840034249
Akron,Akron,OH,Ohio,39153,Summit,41.0802,-81.5219,565311,197633,1230,polygon,TRUE,America/New_York,44306 44307 44304 44305 44302 44303 44301 44308 44320 44314 44311 44310 44313 44312 44309 44315 44316 44317 44325 44326 44328 44334 44372 44396 44398,1840000791
Oklahoma City,Oklahoma City,OK,Oklahoma,40109,Oklahoma,35.4677,-97.5138,948154,638367,406,polygon,TRUE,America/Chicago,73012 73099 73097 73119 73118 73114 73117 73116 73111 73112 73020 73173 73013 73142 73141 73145 73149 73078 73106 73107 74857 73139 73132 73131 73135 73134 73008 73084 73105 73102 73162 73054 73151 73150 73159 73064 73108 73109 73104 73103 73129 73179 73170 73049 73169 73165 73127 73120 73121 73122 73128 73101 73113 73123 73124 73125 73126 73136 73137 73140 73143 73144 73146 73147 73148 73152 73153 73154 73155 73156 73157 73163 73164 73167 73172 73178 73184 73189 73190 73194 73195 73196,1840020428
Tulsa,Tulsa,OK,Oklahoma,40143,Tulsa,36.1284,-95.9037,674211,403090,790,polygon,TRUE,America/Chicago,74133 74130 74137 74135 74132 74136 74134 74145 74127 74110 74112 74114 74115 74117 74119 74015 74129 74128 74120 74126 74116 74107 74105 74104 74103 74146 74106 74108 74101 74102 74121 74141 74147 74148 74149 74150 74152 74153 74155 74156 74157 74158 74159 74169 74170 74171 74172 74182 74186 74187 74192 74193,1840021672
Norman,Norman,OK,Oklahoma,40027,Cleveland,35.2335,-97.3471,114444,122180,263,polygon,TRUE,America/Chicago,73019 73026 73072 73071 74857 73069 73068 73070,1840020451
Broken Arrow,Broken Arrow,OK,Oklahoma,40143,Tulsa,36.0367,-95.7808,107403,107403,672,polygon,TRUE,America/Chicago,74014 74011 74012 74013,1840019059
Lawton,Lawton,OK,Oklahoma,40031,Comanche,34.6171,-98.4204,92299,94653,450,polygon,TRUE,America/Chicago,73503 73507 73501 73505 73502 73506,1840020477
Portland,Portland,OR,Oregon,41051,Multnomah,45.5372,-122.65,2027629,639863,1851,polygon,TRUE,America/Los_Angeles,97227 97221 97220 97229 97203 97202 97201 97206 97205 97204 97209 97208 97266 97219 97212 97236 97232 97233 97230 97239 97218 97214 97215 97216 97217 97210 97211 97213 97207 97228 97238 97240 97242 97250 97251 97252 97253 97254 97256 97258 97280 97282 97283 97286 97290 97291 97292 97293 97294 97296,1840019941
Eugene,Eugene,OR,Oregon,41039,Lane,44.0562,-123.1172,263860,166575,1459,polygon,TRUE,America/Los_Angeles,97405 97404 97401 97403 97402 97440,1840020007
Salem,Salem,OR,Oregon,41047,Marion,44.9231,-123.0245,256175,167419,1330,polygon,TRUE,America/Los_Angeles,97302 97301 97306 97304 97317 97309 97310 97311 97312 97313 97314,1840021224
Medford,Medford,OR,Oregon,41029,Jackson,42.3372,-122.8537,167922,81636,1223,polygon,TRUE,America/Los_Angeles,97504 97501,1840020076
Gresham,Gresham,OR,Oregon,41051,Multnomah,45.5023,-122.4414,111523,111523,1849,polygon,TRUE,America/Los_Angeles,97233 97230 97030 97080,1840019939
Philadelphia,Philadelphia,PA,Pennsylvania,42101,Philadelphia,40.0076,-75.134,5591554,1567872,4511,polygon,TRUE,America/New_York,19154 19151 19150 19153 19152 19102 19103 19106 19107 19104 19109 19128 19129 19120 19121 19122 19123 19124 19125 19126 19127 19112 19111 19115 19114 19116 19119 19118 19148 19149 19146 19147 19144 19145 19142 19143 19140 19141 19139 19138 19137 19136 19135 19134 19133 19132 19131 19130 19019 19092 19093 19099 19101 19105 19108 19110 19155 19160 19161 19162 19170 19171 19172 19173 19175 19176 19177 19178 19179 19181 19182 19183 19184 19185 19187 19188 19190 19191 19192 19193 19194 19195 19196 19197 19244 19255,1840000673
Pittsburgh,Pittsburgh,PA,Pennsylvania,42003,Allegheny,40.4396,-79.9763,1722206,303625,2116,polygon,TRUE,America/New_York,15216 15217 15214 15212 15210 15211 15218 15219 15290 15233 15260 15232 15205 15204 15207 15206 15201 15203 15208 15224 15213 15234 15222 15221 15220 15226 15120 15230 15231 15240 15242 15244 15250 15251 15252 15253 15254 15255 15257 15258 15259 15261 15262 15264 15265 15267 15268 15270 15272 15274 15275 15276 15277 15278 15279 15281 15282 15283 15286 15289 15295,1840001254
Allentown,Allentown,PA,Pennsylvania,42077,Lehigh,40.5962,-75.4756,678169,120443,2650,polygon,TRUE,America/New_York,18105 18104 18101 18103 18102 18109,1840001044
Harrisburg,Harrisburg,PA,Pennsylvania,42043,Dauphin,40.2752,-76.8843,438995,48904,2322,polygon,TRUE,America/New_York,17101 17102 17103 17104 17120 17110 17105 17106 17107 17108 17121 17122 17123 17124 17125 17126 17127 17128 17129 17130 17140 17177,1840001288
Lancaster,Lancaster,PA,Pennsylvania,42071,Lancaster,40.0421,-76.3012,401205,59218,3163,polygon,TRUE,America/New_York,17603 17602 17601 17604 17605 17607 17608 17622 17699,1840003718
Providence,Providence,RI,Rhode Island,44007,Providence,41.8229,-71.4186,1198789,179219,3760,polygon,TRUE,America/New_York,02903 02906 02907 02904 02905 02908 02909 02912 02901 02902 02918 02940,1840003289
Warwick,Warwick,RI,Rhode Island,44003,Kent,41.7061,-71.4334,81579,81579,898,polygon,TRUE,America/New_York,02818 02886 02889 02888 02887,1840003344
Cranston,Cranston,RI,Rhode Island,44007,Providence,41.7658,-71.4858,81034,81034,1103,polygon,TRUE,America/New_York,02905 02831 02920 02910 02921,1840003287
Pawtucket,Pawtucket,RI,Rhode Island,44007,Providence,41.8743,-71.3744,71427,71427,3176,polygon,TRUE,America/New_York,02861 02860 02862,1840003285
East Providence,East Providence,RI,Rhode Island,44007,Providence,41.8064,-71.3565,47337,47337,1380,polygon,TRUE,America/New_York,02915 02914 02916,1840003288
Charleston,Charleston,SC,South Carolina,45019,Charleston,32.8137,-79.9643,613847,134385,475,polygon,TRUE,America/New_York,29414 29424 29455 29407 29401 29403 29409 29492 29412 29402 29413 29415 29416 29417 29422 29425 29457,1840015163
Columbia,Columbia,SC,South Carolina,45079,Richland,34.0366,-80.9043,571249,134309,388,polygon,TRUE,America/New_York,29205 29202 29203 29201 29207 29208 29209 29212 29225 29210 29229 29147 29206 29204 29211 29214 29215 29216 29217 29218 29219 29220 29221 29222 29224 29226 29227 29228 29230 29240 29250 29260 29290 29292,1840014730
Greenville,Greenville,SC,South Carolina,45045,Greenville,34.8364,-82.3649,462640,67453,900,polygon,TRUE,America/New_York,29614 29607 29605 29601 29609 29602 29603 29604 29606 29608 29610 29612 29616,1840013501
Myrtle Beach,Myrtle Beach,SC,South Carolina,45051,Horry,33.7095,-78.8844,256079,32240,529,polygon,TRUE,America/New_York,29572 29577 29578 29587,1840014717
Spartanburg,Spartanburg,SC,South Carolina,45083,Spartanburg,34.9437,-81.9256,185031,37876,739,polygon,TRUE,America/New_York,29302 29301 29307 29306 29304 29305 29319,1840015482
Sioux Falls,Sioux Falls,SD,South Dakota,46099,Minnehaha,43.5382,-96.7315,177629,174360,898,polygon,TRUE,America/Chicago,57104 57105 57106 57107 57103 57108 57197 57110 57117 57101 57109 57118 57186 57193 57198,1840002648
Rapid City,Rapid City,SD,South Dakota,46103,Pennington,44.0709,-103.22,88533,74048,522,polygon,TRUE,America/Denver,57702 57703 57701 57709,1840002180
Aberdeen,Aberdeen,SD,South Dakota,46013,Brown,45.4647,-98.4678,28291,28415,692,polygon,TRUE,America/Chicago,57401 57402,1840002032
Brookings,Brookings,SD,South Dakota,46011,Brookings,44.3027,-96.7856,24357,23895,690,polygon,TRUE,America/Chicago,57006 57007,1840002506
Watertown,Watertown,SD,South Dakota,46029,Codington,44.9096,-97.1539,21788,22172,480,polygon,TRUE,America/Chicago,57201,1840002156
Memphis,Memphis,TN,Tennessee,47157,Shelby,35.1047,-89.9773,1069661,652717,794,polygon,TRUE,America/Chicago,38122 38125 38127 38107 38106 38105 38104 38103 38109 38108 38152 38132 38133 38131 38141 38111 38112 38114 38115 38116 38117 38118 38119 38018 38016 38134 38128 38120 38126 37501 37544 38101 38113 38124 38130 38136 38137 38145 38148 38150 38151 38157 38159 38161 38163 38166 38167 38168 38173 38174 38175 38177 38181 38182 38184 38186 38187 38188 38190 38193 38194 38197,1840015457
Nashville,Nashville,TN,Tennessee,47037,Davidson,36.1714,-86.7844,1065078,660388,535,polygon,TRUE,America/Chicago,37027 37138 37076 37072 37201 37203 37206 37240 37243 37246 37080 37218 37219 37216 37217 37214 37215 37212 37213 37210 37211 37189 37209 37208 37205 37204 37207 37115 37013 37228 37221 37220 37143 37011 37116 37202 37222 37224 37227 37229 37230 37232 37234 37235 37236 37238 37241 37242 37244 37250,1840036155
Knoxville,Knoxville,TN,Tennessee,47093,Knox,35.969,-83.9498,581787,186239,729,polygon,TRUE,America/New_York,37909 37902 37924 37920 37921 37922 37923 37919 37918 37915 37914 37917 37916 37912 37901 37927 37928 37929 37930 37933 37939 37940 37950 37995 37996 37997 37998,1840014486
Chattanooga,Chattanooga,TN,Tennessee,47065,Hamilton,35.0657,-85.2488,403618,177571,479,polygon,TRUE,America/New_York,37415 37416 37410 37411 37419 37409 37421 37363 37408 37403 37402 37407 37405 37406 37404 37343 37351 37350 37401 37414 37422 37424 37450,1840014569
Clarksville,Clarksville,TN,Tennessee,47125,Montgomery,36.5696,-87.3428,179367,150287,590,polygon,TRUE,America/Chicago,42223 37043 37042 37040 37041 37044,1840014421
Dallas,Dallas,TX,Texas,48113,Dallas,32.7938,-96.7659,5634307,1317929,1490,polygon,TRUE,America/Chicago,75287 75098 75233 75231 75234 75254 75251 75252 75253 75032 75227 75238 75232 75230 75236 75237 75235 75088 75087 75243 75247 75244 75249 75248 75051 75210 75211 75212 75214 75215 75216 75217 75218 75219 75390 75182 75229 75228 75220 75223 75225 75224 75226 75241 75240 75246 75043 75166 75270 75207 75206 75205 75204 75203 75202 75201 75209 75208 75019 75221 75222 75242 75250 75260 75261 75262 75263 75264 75265 75266 75267 75275 75277 75283 75284 75285 75301 75303 75312 75313 75315 75320 75326 75336 75339 75342 75354 75355 75356 75357 75358 75359 75360 75367 75368 75370 75371 75372 75373 75374 75376 75378 75379 75380 75381 75382 75389 75391 75392 75393 75394 75395 75397 75398,1840019440
Houston,Houston,TX,Texas,48201,Harris,29.7871,-95.3936,5424720,2303482,1412,polygon,TRUE,America/Chicago,77069 77068 77061 77060 77063 77062 77065 77064 77067 77066 77346 77036 77037 77034 77035 77032 77033 77030 77031 77038 77449 77489 77046 77044 77040 77048 77201 77598 77018 77019 77015 77016 77017 77010 77011 77012 77013 77092 77093 77345 77546 77080 77025 77024 77027 77026 77021 77020 77023 77022 77029 77028 77094 77096 77090 77091 77098 77099 77078 77079 77072 77073 77070 77071 77076 77077 77074 77075 77407 77047 77045 77043 77041 77336 77339 77338 77003 77002 77007 77006 77005 77004 77009 77008 77450 77084 77089 77088 77083 77082 77081 77087 77086 77085 77042 77053 77054 77055 77056 77057 77058 77059 77396 77050 77051 77504 77001 77052 77202 77203 77204 77205 77206 77207 77208 77209 77210 77212 77213 77215 77216 77217 77218 77219 77220 77221 77222 77223 77224 77225 77226 77227 77228 77229 77230 77231 77233 77234 77235 77236 77237 77238 77240 77241 77242 77243 77244 77245 77248 77249 77251 77252 77253 77254 77255 77256 77257 77258 77259 77261 77262 77263 77265 77266 77267 77268 77269 77270 77271 77272 77273 77274 77275 77277 77279 77280 77282 77284 77287 77288 77289 77290 77291 77292 77293 77297 77299 77315 77411,1840020925
San Antonio,San Antonio,TX,Texas,48029,Bexar,29.4722,-98.5247,1976787,1492510,1250,polygon,TRUE,America/Chicago,78112 78233 78259 78258 78252 78251 78250 78257 78256 78255 78254 78208 78201 78202 78203 78204 78205 78207 78231 78230 78232 78235 78234 78237 78239 78238 78209 78109 78266 78260 78219 78218 78217 78216 78215 78214 78213 78212 78211 78210 78244 78245 78247 78240 78242 78248 78249 78023 78222 78223 78220 78221 78226 78227 78224 78225 78228 78229 78054 78206 78241 78246 78265 78268 78269 78270 78278 78279 78280 78283 78284 78285 78288 78289 78291 78292 78293 78294 78295 78296 78297 78298 78299,1840022220
Austin,Austin,TX,Texas,48453,Travis,30.3038,-97.7545,1633847,947890,1170,polygon,TRUE,America/Chicago,78749 78748 78741 78742 78745 78744 78747 78746 78717 78712 78719 78617 78739 78735 78730 78731 78732 78733 78705 78704 78701 78703 78702 78758 78759 78752 78753 78750 78751 78756 78757 78754 78652 78723 78722 78721 78727 78726 78725 78724 78729 78728 73301 73344 78651 78708 78709 78710 78711 78713 78714 78715 78716 78718 78720 78755 78760 78761 78762 78763 78764 78765 78766 78767 78768 78769 78772 78773 78774 78778 78779 78783 78799,1840019590
Fort Worth,Fort Worth,TX,Texas,48439,Tarrant,32.7813,-97.3466,854113,854113,968,polygon,TRUE,America/Chicago,76164 76040 76134 76135 76137 76131 76132 76133 76109 76108 76105 76104 76107 76103 76102 76155 76106 76053 76052 76123 76120 76244 76006 76008 76179 76177 76036 76140 76262 76127 76118 76119 76116 76117 76114 76115 76112 76110 76111 76129 76101 76113 76121 76122 76124 76130 76136 76147 76150 76161 76162 76163 76166 76181 76185 76191 76192 76193 76195 76196 76197 76198 76199,1840020696
Salt Lake City,Salt Lake City,UT,Utah,49035,Salt Lake,40.7774,-111.9301,1061156,193744,672,polygon,TRUE,America/Denver,84116 84115 84113 84112 84111 84144 84128 84180 84108 84101 84102 84103 84104 84105 84106 84110 84114 84122 84132 84133 84134 84136 84138 84139 84143 84145 84147 84148 84150 84151 84152 84158 84189 84190 84199,1840021383
Ogden,Ogden,UT,Utah,49057,Weber,41.2281,-111.9677,571457,86701,1230,polygon,TRUE,America/Denver,84404 84401 84403 84201 84244 84407 84408 84409 84415,1840020135
Provo,Provo,UT,Utah,49049,Utah,40.2458,-111.6457,501690,116868,1083,polygon,TRUE,America/Denver,84604 84606 84601 84602 84603 84605,1840020174
West Valley City,West Valley City,UT,Utah,49035,Salt Lake,40.6889,-112.0115,136574,136574,1486,polygon,TRUE,America/Denver,84119 84120 84128 84118 84125 84126 84127 84130 84131 84170,1840021389
West Jordan,West Jordan,UT,Utah,49035,Salt Lake,40.6024,-112.0008,113699,113699,1358,polygon,TRUE,America/Denver,84088 84081 84084,1840021388
Burlington,Burlington,VT,Vermont,50007,Chittenden,44.4877,-73.2314,108331,42260,1583,polygon,TRUE,America/New_York,05405 05401 05408 05402 05406,1840002310
Barre,Barre,VT,Vermont,50023,Washington,44.1997,-72.5083,20857,8710,852,polygon,TRUE,America/New_York,5641,1840002186
South Burlington,South Burlington,VT,Vermont,50007,Chittenden,44.4622,-73.2203,18971,18971,444,polygon,TRUE,America/New_York,05403 05407,1840002311
Rutland,Rutland,VT,Vermont,50021,Rutland,43.6091,-72.9782,18765,15601,797,polygon,TRUE,America/New_York,05701 05702,1840002632
Essex Junction,Essex Junction,VT,Vermont,50007,Chittenden,44.4903,-73.114,10412,10412,880,polygon,TRUE,America/New_York,05452 05453,1840004083
Virginia Beach,Virginia Beach,VA,Virginia,51810,Virginia Beach (city),36.7335,-76.0435,1487505,452602,699,polygon,TRUE,America/New_York,23459 23451 23453 23452 23455 23457 23456 23454 23460 23461 23462 23464 23450 23458 23463 23465 23466 23467 23471 23479,1840003871
Richmond,Richmond,VA,Virginia,51760,Richmond (city),37.5294,-77.4755,1041877,223170,1440,polygon,TRUE,America/New_York,23219 23222 23223 23220 23221 23226 23227 23224 23225 23230 23235 23234 23173 23218 23232 23241 23242 23249 23255 23260 23261 23269 23273 23274 23276 23278 23279 23282 23284 23285 23286 23288 23289 23290 23291 23292 23293 23295 23297 23298,1840001698
Norfolk,Norfolk,VA,Virginia,51710,Norfolk (city),36.8945,-76.259,245115,245115,1749,polygon,TRUE,America/New_York,23509 23508 23504 23503 23502 23507 23505 23551 23518 23513 23517 23523 23510 23511 23501 23506 23514 23515 23519 23529 23541,1840003869
Chesapeake,Chesapeake,VA,Virginia,51550,Chesapeake (city),36.6778,-76.3024,237940,237940,269,polygon,TRUE,America/New_York,23323 23325 23324 23322 23321 23320 23326 23327 23328,1840003874
Roanoke,Roanoke,VA,Virginia,51770,Roanoke (city),37.2784,-79.9581,215793,99660,904,polygon,TRUE,America/New_York,24014 24015 24016 24017 24011 24012 24013 24001 24002 24003 24004 24005 24006 24007 24008 24009 24010 24022 24023 24024 24025 24026 24027 24028 24029 24030 24031 24032 24033 24034 24035 24036 24037 24038 24040 24042 24043 24050,1840003858
Seattle,Seattle,WA,Washington,53033,King,47.6217,-122.3238,3541236,704352,3243,polygon,TRUE,America/Los_Angeles,98109 98108 98104 98107 98106 98101 98103 98102 98105 98154 98122 98121 98126 98125 98178 98174 98177 98144 98146 98195 98199 98118 98119 98116 98117 98115 98112 98164 98134 98136 98133 98111 98113 98114 98124 98127 98129 98139 98141 98145 98161 98165 98170 98175 98181 98185 98191 98194,1840021117
Spokane,Spokane,WA,Washington,53063,Spokane,47.6671,-117.433,400936,215973,1213,polygon,TRUE,America/Los_Angeles,99201 99203 99202 99205 99204 99207 99208 99224 99223 99001 99212 99209 99210 99219 99220 99252 99256 99258 99260,1840021093
Kennewick,Kennewick,WA,Washington,53005,Benton,46.1979,-119.1732,229624,80454,1134,polygon,TRUE,America/Los_Angeles,99337 99336 99338,1840018481
Bremerton,Bremerton,WA,Washington,53035,Kitsap,47.5436,-122.7121,214549,40675,552,polygon,TRUE,America/Los_Angeles,98310 98312 98314 98367 98337,1840018410
Tacoma,Tacoma,WA,Washington,53053,Pierce,47.2431,-122.4531,211277,211277,1640,polygon,TRUE,America/Los_Angeles,98422 98403 98404 98405 98408 98409 98402 98406 98407 98465 98418 98416 98444 98421 98401 98411 98412 98413 98415 98417 98419 98448 98471 98481 98490,1840021129
Huntington,Huntington,WV,West Virginia,54011,Cabell,38.4109,-82.4344,198419,48113,1145,polygon,TRUE,America/New_York,25703 25702 25701 25705 25704 25706 25707 25708 25709 25710 25711 25712 25713 25714 25715 25716 25717 25718 25719 25720 25721 25722 25723 25724 25725 25726 25727 25728 25729 25755 25770 25771 25772 25773 25774 25775 25776 25777 25778 25779,1840006211
Charleston,Charleston,WV,West Virginia,54039,Kanawha,38.3484,-81.6323,146462,49138,602,polygon,TRUE,America/New_York,25305 25304 25303 25302 25301 25311 25312 25314 25317 25321 25322 25323 25324 25325 25326 25327 25328 25329 25330 25331 25332 25333 25334 25335 25336 25337 25338 25339 25350 25356 25357 25358 25360 25361 25362 25364 25365 25375 25387 25389 25392 25396,1840006196
Wheeling,Wheeling,WV,West Virginia,54069,Ohio,40.0753,-80.6951,78088,27375,766,polygon,TRUE,America/New_York,26003,1840005510
Morgantown,Morgantown,WV,West Virginia,54061,Monongalia,39.6379,-79.9468,73183,30855,1193,polygon,TRUE,America/New_York,26501 26505 26502 26504 26506 26507,1840005647
Weirton,Weirton,WV,West Virginia,54029,Hancock,40.406,-80.5671,68173,18989,406,polygon,TRUE,America/New_York,26062,1840005405
Milwaukee,Milwaukee,WI,Wisconsin,55079,Milwaukee,43.064,-87.9669,1377104,595047,2388,polygon,TRUE,America/Chicago,53203 53202 53207 53206 53205 53204 53209 53208 53233 53211 53218 53219 53214 53215 53216 53210 53212 53213 53295 53225 53224 53227 53226 53221 53220 53223 53222 53228 53201 53234 53237 53259 53263 53274 53278 53288 53290 53293,1840003046
Madison,Madison,WI,Wisconsin,55025,Dane,43.0809,-89.3921,434967,252551,1268,polygon,TRUE,America/Chicago,53706 53704 53705 53703 53714 53726 53792 53719 53718 53715 53717 53716 53711 53713 53701 53707 53708 53725 53744 53774 53777 53778 53779 53782 53783 53784 53785 53786 53788 53789 53790 53791 53793 53794,1840002915
Appleton,Appleton,WI,Wisconsin,55087,Outagamie,44.2775,-88.3896,221379,74370,1173,polygon,TRUE,America/Chicago,54914 54915 54913 54911 54912 54919,1840002400
Green Bay,Green Bay,WI,Wisconsin,55009,Brown,44.5151,-87.9895,208670,105139,893,polygon,TRUE,America/Chicago,54311 54302 54304 54303 54301 54305 54306 54308 54324 54344,1840002344
Racine,Racine,WI,Wisconsin,55101,Racine,42.7274,-87.8135,131517,77571,1933,polygon,TRUE,America/Chicago,53405 53404 53406 53403 53402 53401 53407 53408,1840002493
Cheyenne,Cheyenne,WY,Wyoming,56021,Laramie,41.1418,-104.7943,79217,64019,929,polygon,TRUE,America/Denver,82009 82001 82007 82002 82003 82006 82008 82010,1840018713
Casper,Casper,WY,Wyoming,56025,Natrona,42.843,-106.3205,69224,59324,881,polygon,TRUE,America/Denver,82604 82601 82609 82602 82605,1840038324
Gillette,Gillette,WY,Wyoming,56005,Campbell,44.2793,-105.5013,36446,32398,600,polygon,TRUE,America/Denver,82718 82716 82717,1840019978
Laramie,Laramie,WY,Wyoming,56001,Albany,41.3095,-105.6097,33587,32382,704,polygon,TRUE,America/Denver,82072 82070 82071,1840020096
Rock Springs,Rock Springs,WY,Wyoming,56037,Sweetwater,41.595,-109.2237,27173,23755,474,polygon,TRUE,America/Denver,82901 82902,1840020101
